window_seconds,variant,feature,feature_family,mean_abs_shap,fold_std_abs_shap,mean_seed_std_abs_shap,n_folds_selected,n_folds,n_explained
1,M2,fp_cos_second,fingerprint_similarity,0.069887385,0.039072305,0.0025348628,4,4,2000
1,M2,fp_cos_margin,fingerprint_similarity,0.062021695,0.02965897,0.0009774569,4,4,2000
1,M2,fp_l1_margin,fingerprint_similarity,0.050338436,0.02426202,0.0020618872,4,4,2000
1,M2,rssi_rel_B19,relative_rssi,0.04968821,0.018891491,0.0019266556,4,4,2000
1,M2,rssi_rel_B08,relative_rssi,0.04496208,0.0042795027,0.0012378322,4,4,2000
1,M2,present_B16,presence,0.043941464,0.029135145,0.0015740856,4,4,2000
1,M2,fp_cos_best,fingerprint_similarity,0.043022655,0.01447689,0.0022792162,4,4,2000
1,M2,fp_js_margin,fingerprint_similarity,0.042338688,0.013610657,0.0013620397,4,4,2000
1,M2,fp_l1_second,fingerprint_similarity,0.041253258,0.021133346,0.002010262,4,4,2000
1,M2,rssi_min_B14,rssi_statistics,0.038888205,0.0052682627,0.0023745412,4,4,2000
1,M2,present_B17,presence,0.038681187,0.030017886,0.0010831214,4,4,2000
1,M2,rssi_min_B09,rssi_statistics,0.038643338,0.021193001,0.0012864303,4,4,2000
1,M2,present_B15,presence,0.03824186,0.017526388,0.0013390078,4,4,2000
1,M2,rssi_rel_B09,relative_rssi,0.0378341,0.004423777,0.0014017553,4,4,2000
1,M2,rssi_max_B14,rssi_statistics,0.037104763,0.0077271108,0.0022301748,4,4,2000
1,M2,rssi_max_all,rssi_statistics,0.034891944,0.019456457,0.0013695398,4,4,2000
1,M2,rssi_min_all,rssi_statistics,0.03439078,0.010430911,0.0016736122,4,4,2000
1,M2,fp_match_confidence,fingerprint_similarity,0.03308458,0.004625328,0.0023826908,4,4,2000
1,M2,rssi_rel_B23,relative_rssi,0.03145526,0.026496204,0.0013061271,3,4,2000
1,M2,present_B03,presence,0.030711368,0.020233763,0.002014077,4,4,2000
1,M2,freq_B04,frequency,0.029965516,0.010976633,0.001013316,4,4,2000
1,M2,rssi_max_B19,rssi_statistics,0.029540125,0.024552401,0.0010833773,4,4,2000
1,M2,fp_l1_best,fingerprint_similarity,0.02851358,0.013139896,0.0008165147,4,4,2000
1,M2,rssi_rel_B07,relative_rssi,0.027320908,0.00729931,0.0007840864,4,4,2000
1,M2,rssi_median_B09,rssi_statistics,0.027008278,0.0071125925,0.0014764083,4,4,2000
1,M2,top2_beacon_rssi,beacon_rank,0.025031047,0.014272258,0.0018890639,4,4,2000
1,M2,rssi_median_B14,rssi_statistics,0.024707055,0.0040591885,0.002023698,4,4,2000
1,M2,fp_js_second,fingerprint_similarity,0.024623929,0.029868266,0.0010219384,2,4,2000
1,M2,rssi_max_B09,rssi_statistics,0.024586914,0.009333353,0.0010790227,4,4,2000
1,M2,rssi_max_B04,rssi_statistics,0.023410352,0.0062839123,0.0011643883,4,4,2000
1,M2,present_B13,presence,0.023352988,0.019516112,0.0007119137,3,4,2000
1,M2,rssi_range_B14,rssi_statistics,0.02111175,0.004321619,0.001124613,4,4,2000
1,M2,rssi_rel_B22,relative_rssi,0.020888522,0.009412647,0.00093754136,4,4,2000
1,M2,present_B02,presence,0.020357585,0.012277307,0.00089871086,4,4,2000
1,M2,rssi_min_B19,rssi_statistics,0.020080708,0.0102487365,0.0021364412,4,4,2000
1,M2,rssi_min_B08,rssi_statistics,0.019664412,0.0060038758,0.0013489688,4,4,2000
1,M2,top3_beacon_rssi,beacon_rank,0.019310113,0.011893066,0.0008188503,4,4,2000
1,M2,rssi_rel_B11,relative_rssi,0.019261558,0.008542396,0.0013568333,4,4,2000
1,M2,rssi_rel_B21,relative_rssi,0.019228643,0.019902823,0.00039193477,3,4,2000
1,M2,rssi_min_B05,rssi_statistics,0.018362775,0.0138389105,0.0011442077,3,4,2000
1,M2,rssi_rel_B04,relative_rssi,0.018361961,0.022460548,0.00034412745,2,4,2000
1,M2,rssi_median_all,rssi_statistics,0.01796227,0.0021655222,0.00086787605,4,4,2000
1,M2,rssi_median_B19,rssi_statistics,0.017521568,0.0132877445,0.0016157274,3,4,2000
1,M2,dominant_beacon_freq,other,0.016591113,0.028510699,0.00043153978,2,4,2000
1,M2,present_B12,presence,0.01645352,0.0048502777,0.0005488529,4,4,2000
1,M2,rssi_min_B04,rssi_statistics,0.016233083,0.0074744746,0.0011655539,4,4,2000
1,M2,rssi_median_B08,rssi_statistics,0.014888676,0.011708631,0.001481209,3,4,2000
1,M2,rssi_median_B04,rssi_statistics,0.014846485,0.010756864,0.0005394866,3,4,2000
1,M2,rssi_max_B18,rssi_statistics,0.014824694,0.011907179,0.0004699259,4,4,2000
1,M2,present_B01,presence,0.014129742,0.012331488,0.0004136773,3,4,2000
1,M2,rssi_max_B08,rssi_statistics,0.013261338,0.003944814,0.0015551995,4,4,2000
1,M2,rssi_min_B20,rssi_statistics,0.013003066,0.00630081,0.0012300744,4,4,2000
1,M2,rssi_max_B20,rssi_statistics,0.012077219,0.005448123,0.0007747829,4,4,2000
1,M2,rssi_max_B05,rssi_statistics,0.0120206345,0.008336258,0.0014038645,3,4,2000
1,M2,rssi_rel_B06,relative_rssi,0.011905308,0.0041335993,0.00053643296,4,4,2000
1,M2,rssi_median_B05,rssi_statistics,0.011483183,0.009998255,0.00029183246,3,4,2000
1,M2,present_B23,presence,0.011434834,0.013147848,0.00089798897,4,4,2000
1,M2,present_B14,presence,0.011351498,0.003328337,0.001790436,4,4,2000
1,M2,rssi_rel_B20,relative_rssi,0.010997744,0.008398515,0.0005702769,4,4,2000
1,M2,rssi_iqr_all,rssi_statistics,0.010977886,0.009823151,0.0008151293,3,4,2000
1,M2,rssi_rel_B05,relative_rssi,0.010699879,0.0037291606,0.0007955476,4,4,2000
1,M2,rssi_rel_B10,relative_rssi,0.009730729,0.002179253,0.00066278013,4,4,2000
1,M2,freq_B19,frequency,0.009673006,0.019346012,0.00055933377,1,4,2000
1,M2,rssi_range_B08,rssi_statistics,0.009017575,0.010983585,0.0005578936,2,4,2000
1,M2,freq_B20,frequency,0.009016688,0.018033376,0.0004005282,1,4,2000
1,M2,rssi_min_B18,rssi_statistics,0.008885271,0.0023746528,0.0007360739,4,4,2000
1,M2,rssi_range_all,rssi_statistics,0.008884998,0.008292932,0.000853374,3,4,2000
1,M2,rssi_median_B18,rssi_statistics,0.0088490695,0.0028445753,0.000982393,4,4,2000
1,M2,rssi_rel_B18,relative_rssi,0.008481221,0.0065890807,0.0003957778,3,4,2000
1,M2,rssi_range_B09,rssi_statistics,0.008112871,0.010010089,0.0001972795,2,4,2000
1,M2,rssi_min_B10,rssi_statistics,0.007342908,0.0049777753,0.0006279242,3,4,2000
1,M2,rssi_max_B07,rssi_statistics,0.0072477236,0.001171353,0.0008391076,4,4,2000
1,M2,rssi_min_B22,rssi_statistics,0.0070458013,0.0013791707,0.0009971005,4,4,2000
1,M2,count_B13,coverage_distribution,0.0067846277,0.013569255,0.00016867244,1,4,2000
1,M2,rssi_rel_B12,relative_rssi,0.0067218207,0.013443641,0.00015794193,1,4,2000
1,M2,top1_beacon_rssi,beacon_rank,0.006442275,0.01288455,0.0004381837,1,4,2000
1,M2,rssi_min_B07,rssi_statistics,0.006435044,0.0021089448,0.0006761899,4,4,2000
1,M2,rssi_median_B22,rssi_statistics,0.006377603,0.004742431,0.00087730616,3,4,2000
1,M2,rssi_mad_all,rssi_statistics,0.006339271,0.0035882152,0.00043056931,4,4,2000
1,M2,rssi_median_B20,rssi_statistics,0.0063093146,0.004309045,0.0006471108,3,4,2000
1,M2,rssi_max_B22,rssi_statistics,0.006078805,0.004383093,0.000664351,3,4,2000
1,M2,rssi_mean_B23,rssi_statistics,0.0060743727,0.012148745,0.0004018072,1,4,2000
1,M2,rssi_std_all,rssi_statistics,0.0058570565,0.011714113,0.00014063343,1,4,2000
1,M2,rssi_min_B11,rssi_statistics,0.005633493,0.0051228064,0.00032352723,3,4,2000
1,M2,rssi_median_B21,rssi_statistics,0.0053442107,0.008545715,0.00031747326,2,4,2000
1,M2,rssi_mean_B10,rssi_statistics,0.0053141154,0.0037893606,0.00061267905,3,4,2000
1,M2,rssi_mean_B04,rssi_statistics,0.0051599233,0.010319847,0.00036735466,1,4,2000
1,M2,freq_B11,frequency,0.005112736,0.010225472,0.000416086,1,4,2000
1,M2,rssi_min_B23,rssi_statistics,0.0046777874,0.009355575,0.00032359312,1,4,2000
1,M2,rssi_mean_B05,rssi_statistics,0.0046698297,0.0093396595,0.00030258336,1,4,2000
1,M2,rssi_mean_B07,rssi_statistics,0.0045761075,0.0030802474,0.00036915106,3,4,2000
1,M2,fp_js_best,fingerprint_similarity,0.004392928,0.008785856,0.00024325318,1,4,2000
1,M2,active_beacon_count,coverage_distribution,0.004316419,0.00160752,0.00043281942,4,4,2000
1,M2,rssi_max_B21,rssi_statistics,0.004206671,0.0058779144,0.00056321453,2,4,2000
1,M2,present_B09,presence,0.0039567007,0.0031503374,0.00088569534,4,4,2000
1,M2,rssi_max_B10,rssi_statistics,0.0038176298,0.0030124306,0.00048125238,3,4,2000
1,M2,rssi_max_B11,rssi_statistics,0.0035673762,0.003288554,0.00048292102,3,4,2000
1,M2,dominant_beacon_margin,other,0.0035502668,0.0071005337,0.000253373,1,4,2000
1,M2,rssi_max_B23,rssi_statistics,0.003500872,0.005246469,0.00083223917,2,4,2000
1,M2,present_B04,presence,0.0034200693,0.0014779532,0.00033495147,4,4,2000
1,M2,rssi_range_B23,rssi_statistics,0.0033861797,0.0067723594,0.00013696006,1,4,2000
1,M2,rssi_mean_B08,rssi_statistics,0.0033540213,0.0067080427,0.00023833186,1,4,2000
1,M2,rssi_max_B06,rssi_statistics,0.0033237974,0.0038449636,0.0003494728,2,4,2000
1,M2,top3_beacon_count,beacon_rank,0.0030488553,0.0039337813,0.00028361424,4,4,2000
1,M2,rssi_median_B23,rssi_statistics,0.0029724916,0.005532245,0.00034019348,2,4,2000
1,M2,rssi_median_B11,rssi_statistics,0.0029400464,0.004303433,0.00021107939,2,4,2000
1,M2,rssi_median_B10,rssi_statistics,0.002632403,0.005264806,0.00021594219,1,4,2000
1,M2,rssi_range_B19,rssi_statistics,0.0026314722,0.0052629444,0.00021716152,1,4,2000
1,M2,rssi_mean_B19,rssi_statistics,0.0025632142,0.0051264283,0.00041387713,1,4,2000
1,M2,rssi_min_B06,rssi_statistics,0.0023381053,0.0028069855,0.00016054568,2,4,2000
1,M2,present_B21,presence,0.00214828,0.0017434014,0.0007490925,4,4,2000
1,M2,rssi_median_B06,rssi_statistics,0.0020788766,0.002925368,0.00031008743,2,4,2000
1,M2,top2_beacon_count,beacon_rank,0.0020370716,0.0033301425,0.00028653705,2,4,2000
1,M2,present_B07,presence,0.001991226,0.0016390589,0.00029319126,4,4,2000
1,M2,present_B11,presence,0.0019629593,0.0031527372,0.0004376444,3,4,2000
1,M2,rssi_min_B21,rssi_statistics,0.0017368052,0.0020368616,0.0002843886,2,4,2000
1,M2,present_B05,presence,0.0016427939,0.0013637136,0.00033531725,4,4,2000
1,M2,rssi_mean_B11,rssi_statistics,0.0014583404,0.0029166809,0.00015224051,1,4,2000
1,M2,present_B08,presence,0.001408024,0.0006041848,0.00053793733,4,4,2000
1,M2,rssi_mean_B18,rssi_statistics,0.0013915701,0.0027831402,9.516098e-05,1,4,2000
1,M2,present_B19,presence,0.0013493926,0.0011684557,0.00038284055,3,4,2000
1,M2,rssi_median_B07,rssi_statistics,0.0012719206,0.0025438413,0.00014960427,1,4,2000
1,M2,rssi_range_B07,rssi_statistics,0.0011440875,0.002288175,6.129379e-05,1,4,2000
1,M2,rssi_mean_B21,rssi_statistics,0.0011114181,0.0022228363,0.00014476443,1,4,2000
1,M2,present_B10,presence,0.0010954551,0.001399234,0.00022354705,4,4,2000
1,M2,present_B06,presence,0.0010228417,0.0010126015,0.00014616939,4,4,2000
1,M2,present_B22,presence,0.0010027118,0.0007079761,0.00017710183,4,4,2000
1,M2,fp_metric_agreement,fingerprint_similarity,0.00095228304,0.0006750805,0.00029842177,4,4,2000
1,M2,rssi_range_B20,rssi_statistics,0.00086926017,0.0017385203,0.0002420171,1,4,2000
1,M2,rssi_range_B18,rssi_statistics,0.0008266731,0.0016533462,6.813219e-05,1,4,2000
1,M2,present_B18,presence,0.00064615556,0.00031577857,0.00021482742,4,4,2000
1,M2,count_B04,coverage_distribution,0.00055515644,0.0006435231,5.2293864e-05,2,4,2000
1,M2,present_B20,presence,0.0003173522,0.00024717883,0.00021303713,3,4,2000
3,M5,rssi_rel_B19,relative_rssi,0.059108112,0.036028516,0.0019938694,4,4,2000
3,M5,freq_B14,frequency,0.05177666,0.0076714545,0.0025909077,4,4,2000
3,M5,freq_B16,frequency,0.051407415,0.037462335,0.002092091,4,4,2000
3,M5,freq_B17,frequency,0.044371728,0.031875372,0.0013902513,4,4,2000
3,M5,rssi_rel_B04,relative_rssi,0.042911682,0.007081874,0.0016563851,4,4,2000
3,M5,freq_B19,frequency,0.042903155,0.014870942,0.002010011,4,4,2000
3,M5,rssi_rel_B09,relative_rssi,0.042781033,0.012823814,0.001692557,4,4,2000
3,M5,rssi_rel_B08,relative_rssi,0.04199358,0.006093266,0.0018985537,4,4,2000
3,M5,rssi_rel_B23,relative_rssi,0.041941024,0.023601223,0.0023055759,4,4,2000
3,M5,freq_B13,frequency,0.040513616,0.02341088,0.0008019443,4,4,2000
3,M5,fp_l1_second,fingerprint_similarity,0.039609093,0.030203594,0.0011343597,4,4,2000
3,M5,freq_B03,frequency,0.039385162,0.025644196,0.0018576661,4,4,2000
3,M5,fp_cos_margin,fingerprint_similarity,0.038582183,0.017469866,0.0021649662,4,4,2000
3,M5,freq_B15,frequency,0.03821244,0.0245474,0.0016478931,4,4,2000
3,M5,freq_B04,frequency,0.03709379,0.004086081,0.0016475276,4,4,2000
3,M5,rssi_min_B09,rssi_statistics,0.036297992,0.03402867,0.0017884987,4,4,2000
3,M5,fp_cos_second,fingerprint_similarity,0.03618612,0.01865906,0.0013044056,4,4,2000
3,M5,fp_js_margin,fingerprint_similarity,0.031998083,0.009375246,0.0021946426,4,4,2000
3,M5,freq_B08,frequency,0.031944986,0.0030907376,0.0023244787,4,4,2000
3,M5,fp_l1_margin,fingerprint_similarity,0.03173559,0.0135939345,0.0022164725,4,4,2000
3,M5,fp_match_confidence,fingerprint_similarity,0.030266881,0.006943788,0.0010337454,4,4,2000
3,M5,freq_B05,frequency,0.029973632,0.016941106,0.0017339216,4,4,2000
3,M5,fp_cos_best,fingerprint_similarity,0.029776324,0.0112821115,0.0013384257,4,4,2000
3,M5,rssi_max_B09,rssi_statistics,0.02912614,0.011354663,0.0013235686,4,4,2000
3,M5,freq_B02,frequency,0.029120564,0.020377569,0.00094812526,4,4,2000
3,M5,rssi_max_B14,rssi_statistics,0.028676583,0.008910074,0.0016887767,4,4,2000
3,M5,fp_l1_best,fingerprint_similarity,0.027788905,0.010678701,0.0017130363,4,4,2000
3,M5,freq_B12,frequency,0.02693424,0.010673425,0.0010035158,4,4,2000
3,M5,rssi_max_all,rssi_statistics,0.026703604,0.011337781,0.001346561,4,4,2000
3,M5,freq_B23,frequency,0.025958944,0.010197505,0.0014688291,4,4,2000
3,M5,count_B09,coverage_distribution,0.025356766,0.013169799,0.00084374787,4,4,2000
3,M5,rssi_max_B18,rssi_statistics,0.024649385,0.035074588,0.0017089221,4,4,2000
3,M5,freq_B20,frequency,0.023565855,0.014745118,0.0018615451,4,4,2000
3,M5,rssi_range_B14,rssi_statistics,0.02355728,0.0029104943,0.0017679665,4,4,2000
3,M5,rssi_median_B14,rssi_statistics,0.023549426,0.0028471472,0.0018793953,4,4,2000
3,M5,freq_B09,frequency,0.022769252,0.007914225,0.0010317483,4,4,2000
3,M5,rssi_max_B04,rssi_statistics,0.022548318,0.0071498333,0.0011992223,4,4,2000
3,M5,rssi_min_all,rssi_statistics,0.02192088,0.009527177,0.0015205161,4,4,2000
3,M5,rssi_median_B09,rssi_statistics,0.021854088,0.012918043,0.0015407316,4,4,2000
3,M5,freq_B18,frequency,0.021142978,0.009006211,0.0015014524,4,4,2000
3,M5,rssi_mean_all,rssi_statistics,0.019911155,0.0044688922,0.001030694,4,4,2000
3,M5,freq_B11,frequency,0.019661104,0.0088885315,0.000640797,4,4,2000
3,M5,rssi_min_B14,rssi_statistics,0.01954317,0.002861405,0.0018127273,4,4,2000
3,M5,rssi_range_B09,rssi_statistics,0.018941106,0.0072789923,0.00091063656,4,4,2000
3,M5,rssi_max_B19,rssi_statistics,0.018882977,0.013121178,0.0013942624,4,4,2000
3,M5,total_detections,other,0.018854363,0.02272669,0.00051919115,2,4,2000
3,M5,rssi_rel_B07,relative_rssi,0.018513015,0.0041846563,0.0006593073,4,4,2000
3,M5,rssi_median_B18,rssi_statistics,0.018218387,0.028446618,0.0010850357,3,4,2000
3,M5,rssi_rel_B18,relative_rssi,0.0179571,0.0049521215,0.0012375959,4,4,2000
3,M5,rssi_min_B04,rssi_statistics,0.017925588,0.007133404,0.0014572942,4,4,2000
3,M5,freq_B01,frequency,0.017681342,0.007781606,0.00053618744,4,4,2000
3,M5,top2_beacon_rssi,beacon_rank,0.017558511,0.008332145,0.0005853287,4,4,2000
3,M5,freq_B22,frequency,0.016119996,0.008878255,0.0018164277,4,4,2000
3,M5,rssi_median_B04,rssi_statistics,0.016032059,0.005135995,0.0011796432,4,4,2000
3,M5,rssi_rel_B21,relative_rssi,0.015550952,0.020881172,0.00031358562,2,4,2000
3,M5,freq_B21,frequency,0.015236529,0.012364288,0.0006241248,4,4,2000
3,M5,rssi_rel_B22,relative_rssi,0.014822856,0.0107724825,0.0006840393,3,4,2000
3,M5,rssi_min_B05,rssi_statistics,0.014689875,0.020917792,0.0006023601,2,4,2000
3,M5,rssi_min_B19,rssi_statistics,0.013424417,0.004040402,0.0008846695,4,4,2000
3,M5,rssi_min_B08,rssi_statistics,0.013170723,0.003685587,0.0012480732,4,4,2000
3,M5,rssi_range_B04,rssi_statistics,0.013027038,0.005214778,0.00098273,4,4,2000
3,M5,rssi_range_B07,rssi_statistics,0.012525849,0.014295137,0.0006299984,4,4,2000
3,M5,top3_beacon_rssi,beacon_rank,0.012481639,0.00618982,0.0011496469,4,4,2000
3,M5,rssi_median_all,rssi_statistics,0.012119502,0.0066698473,0.0008082213,4,4,2000
3,M5,rssi_mean_B14,rssi_statistics,0.01199661,0.00801513,0.0014862067,3,4,2000
3,M5,rssi_min_B20,rssi_statistics,0.011885987,0.011411905,0.00057006045,3,4,2000
3,M5,freq_B10,frequency,0.011868767,0.0087335585,0.00042953587,4,4,2000
3,M5,rssi_max_B08,rssi_statistics,0.01095069,0.011898101,0.0015778195,3,4,2000
3,M5,rssi_rel_B20,relative_rssi,0.010760186,0.011142626,0.0012968511,3,4,2000
3,M5,rssi_std_all,rssi_statistics,0.010653823,0.012450597,0.0010444119,2,4,2000
3,M5,rssi_range_B19,rssi_statistics,0.010347587,0.007611612,0.00102306,4,4,2000
3,M5,rssi_iqr_all,rssi_statistics,0.010064006,0.0024385334,0.0007513493,4,4,2000
3,M5,freq_B07,frequency,0.009959979,0.0020898746,0.00071707706,4,4,2000
3,M5,rssi_rel_B11,relative_rssi,0.009425358,0.007627082,0.0008740934,3,4,2000
3,M5,rssi_mean_B08,rssi_statistics,0.009009271,0.0077341767,0.001709298,3,4,2000
3,M5,rssi_max_B20,rssi_statistics,0.008866645,0.0076293163,0.00060340203,3,4,2000
3,M5,freq_B06,frequency,0.008866243,0.0037977707,0.00043453855,4,4,2000
3,M5,rssi_mean_B19,rssi_statistics,0.0083875,0.010227872,0.0005599674,2,4,2000
3,M5,count_B16,coverage_distribution,0.007994444,0.015988888,0.00032378914,1,4,2000
3,M5,freq_entropy_norm,coverage_distribution,0.007911415,0.0105744535,0.00082371745,2,4,2000
3,M5,rssi_range_all,rssi_statistics,0.007780264,0.0028915023,0.0006998201,4,4,2000
3,M5,rssi_min_B18,rssi_statistics,0.007377499,0.007897754,0.0013672647,3,4,2000
3,M5,rssi_min_B11,rssi_statistics,0.0073638577,0.008919968,0.0007222935,2,4,2000
3,M5,rssi_median_B19,rssi_statistics,0.0071138227,0.0058083483,0.0006650722,3,4,2000
3,M5,rssi_range_B08,rssi_statistics,0.0070781494,0.002826073,0.0012663065,4,4,2000
3,M5,rssi_median_B08,rssi_statistics,0.0064129136,0.0048059397,0.0010283063,3,4,2000
3,M5,dominant_beacon_freq,other,0.006346164,0.0013981037,0.0006574405,4,4,2000
3,M5,top1_beacon_rssi,beacon_rank,0.006181615,0.01236323,0.00016608053,1,4,2000
3,M5,rssi_rel_B10,relative_rssi,0.006105059,0.0071933637,0.00048297894,2,4,2000
3,M5,count_B04,coverage_distribution,0.0057460777,0.00418872,0.00073238375,4,4,2000
3,M5,rssi_range_B23,rssi_statistics,0.0055659595,0.011131919,0.00059507554,1,4,2000
3,M5,rssi_mean_B05,rssi_statistics,0.005557823,0.0073055276,0.00045065675,2,4,2000
3,M5,rssi_max_B07,rssi_statistics,0.0054810857,0.0026678774,0.0005627112,4,4,2000
3,M5,rssi_max_B05,rssi_statistics,0.0054785036,0.010957007,0.00081215065,1,4,2000
3,M5,rssi_mean_B20,rssi_statistics,0.005463642,0.006389521,0.00057283486,2,4,2000
3,M5,rssi_min_B10,rssi_statistics,0.0046086907,0.005391097,0.00026383303,2,4,2000
3,M5,rssi_mean_B09,rssi_statistics,0.004256652,0.008513304,0.0006489917,1,4,2000
3,M5,rssi_median_B10,rssi_statistics,0.00420707,0.0029368564,0.00046196836,3,4,2000
3,M5,top3_beacon_count,beacon_rank,0.004032411,0.0012325069,0.00039908823,4,4,2000
3,M5,rssi_mean_B18,rssi_statistics,0.003994479,0.0055560307,0.00040780607,2,4,2000
3,M5,rssi_range_B06,rssi_statistics,0.0036167705,0.007233541,0.0003198222,1,4,2000
3,M5,active_beacon_count,coverage_distribution,0.003303584,0.0028584474,0.00061226997,4,4,2000
3,M5,rssi_max_B21,rssi_statistics,0.0029505007,0.0059010014,0.0002601486,1,4,2000
3,M5,rssi_range_B20,rssi_statistics,0.002895744,0.0027019328,0.000965902,3,4,2000
3,M5,rssi_mean_B22,rssi_statistics,0.0027651426,0.005530285,0.00026975563,1,4,2000
3,M5,rssi_min_B07,rssi_statistics,0.0027008886,0.0010528851,0.00061422004,4,4,2000
3,M5,rssi_median_B11,rssi_statistics,0.002593994,0.005187988,0.0001867299,1,4,2000
3,M5,rssi_mad_all,rssi_statistics,0.0025156126,0.00048291677,0.0003781111,4,4,2000
3,M5,rssi_range_B18,rssi_statistics,0.0024601566,0.0032660202,0.00024574454,2,4,2000
3,M5,fp_metric_agreement,fingerprint_similarity,0.002416095,0.0029709397,0.0003849635,4,4,2000
3,M5,rssi_range_B22,rssi_statistics,0.002225292,0.004450584,0.00023217664,1,4,2000
3,M5,rssi_max_B10,rssi_statistics,0.0019919842,0.0039839684,0.00017134906,1,4,2000
3,M5,rssi_median_B20,rssi_statistics,0.0019878696,0.0039757392,0.000454218,1,4,2000
3,M5,rssi_min_B21,rssi_statistics,0.0019349441,0.0038698881,0.00013527976,1,4,2000
3,M5,rssi_median_B07,rssi_statistics,0.0018436364,0.0007904374,0.0005454426,4,4,2000
3,M5,rssi_min_B06,rssi_statistics,0.0018314315,0.003662863,0.00025065365,1,4,2000
3,M5,rssi_mean_B21,rssi_statistics,0.0017193138,0.0034386276,0.00031613724,1,4,2000
3,M5,rssi_mean_B11,rssi_statistics,0.0014975307,0.0029950615,0.00037108894,1,4,2000
3,M5,rssi_rel_B06,relative_rssi,0.0014764803,0.0029529606,0.00022995142,1,4,2000
3,M5,rssi_rel_B05,relative_rssi,0.0014275227,0.0028550455,9.365509e-05,1,4,2000
3,M5,count_B17,coverage_distribution,0.0011253481,0.0022506963,0.00020150498,1,4,2000
3,M5,rssi_median_B23,rssi_statistics,0.0010551006,0.0021102012,0.0002808508,1,4,2000
3,M5,rssi_median_B21,rssi_statistics,0.0009937339,0.0019874678,0.00015179541,1,4,2000
3,M5,dominant_beacon_margin,other,0.0009675452,0.0019350904,7.510775e-05,1,4,2000
3,M5,rssi_mean_B06,rssi_statistics,0.0009446281,0.0018892562,7.780819e-05,1,4,2000
3,M5,rssi_max_B23,rssi_statistics,0.00088423025,0.0017684605,0.00019962534,1,4,2000
3,M5,rssi_mean_B07,rssi_statistics,0.0003835199,0.0007670398,3.3149434e-05,1,4,2000
3,M5,rssi_max_B06,rssi_statistics,0.00027391812,0.00054783624,4.6810175e-05,1,4,2000
